{
    "button":[
        {
            "name": "主机管理",
            "sub_button": [
                {
                    "type": "click",
                    "name": "添加主机",
                    "key": "HOST_ADD"
                },
                {
                    "type": "click",
                    "name": "删除主机",
                    "key": "HOST_DELETE"
                },
                {
                    "type": "click",
                    "name": "主机状态",
                    "key": "HOST_STATUS"
                },
                {
                    "type": "click",
                    "name": "主机命令",
                    "key": "HOST_COMMAND"
                }
            ]
        },
        {
            "name": "我的账户",
            "sub_button": [
                {
                    "type": "click",
                    "name": "个人信息",
                    "key": "MINE_PROFILE"
                },
                {
                    "type": "click",
                    "name": "主机列表",
                    "key": "MINE_HOSTS"
                }
            ]
        },
        {
            "name": "关于我们",
            "sub_button": [
                {
                    "type": "view",
                    "name": "项目主页",
                    "url": "https://github.com/liuwons/green"
                }
            ]
        }
    ]
}
